{"posicion":{"x":-9.542327880859375,"y":3.8689615726470949,"z":0.0}}